Division Rank,Player,Country
1,VG.Xm,cn
2,XG.Paparazi灬,cn
3,IG.flyfly,cn
4,Aq,N/A
5,SZ.Kaiyko,cn
6,,N/A
7,RNG.Somnus,cn
8,神秘巨星,N/A
9,old eLeVeN.tara❤,cn
10,Aster.Monet,cn
11,999,N/A
12,Aster.Ori,cn
13,Aries.RedPanda,N/A
14,-灰太狼,N/A
15,果然翁,N/A
16,RNG.Chalice,cn
17,justwannaplay,N/A
18,DEC.Summer,N/A
19,TSaiyin.Son GoKu,N/A
20,Magma.白也,N/A
21,FishMan,cn
22,,N/A
23,yllll,N/A
24,IG.fy,cn
25,Aries.生死,N/A
26,Magma.Tzy丶,cn
27,XG.lou,N/A
28,麻了,N/A
29,Magma.Dust,cn
30,iG.V.ukiyo,N/A
31,Magma.kazi,cn
32,LBZS.Salad,cn
33,新生代顶级下忍,cn
34,JIAYEWANSUI,N/A
35,Ybb.AYuNiD,N/A
36,vae,cn
37,Zyd,cn
38,VG.Yang,cn
39,WhyouSm1Le,N/A
40,GunGrave,N/A
41,CDEC.Undyne_,N/A
42,吸鼠霸王,N/A
43,XG.AVA阿发,N/A
44,TSaiyin.Ms,N/A
45,职业杆弟,N/A
46,Azreal,N/A
47,Apex.JJ,my
48,.,N/A
49,B站ZYPRESSEN1,N/A
50,lzk,N/A
51,CDEC.imitator,N/A
52,CDEC.7e,N/A
53,Anita,N/A
54,sss,cn
55,Ybb.Dstones-,N/A
56,IG.JT,my
57,James,cn
58,胖娃er,N/A
59,RSG.xiaobonbon.Matrixport,vn
60,PSG.LGD.xiao8,N/A
61,RNG.kaka,cn
62,DEC.zc,cn
63,(～￣▽￣)～,N/A
64,可爱肥肥,N/A
65,剑来！,cn
66,Setsu,cn
67,卡密,N/A
68,山村老尸,N/A
69,决心,N/A
70,还将来2.0,cn
71,NG.aeae,cn
72,QvQ,cn
73,AYuNiD,N/A
74,SZ.Hara,N/A
75,mikey,cn
76,Lemon,N/A
77,XG.跳刀跳刀丶,N/A
78,Janice Q❤♡,N/A
79,Nado,N/A
80,SangSang,N/A
81,mianmian,cn
82,xiN,cn
83,Kirito,N/A
84,PSG.LGD.Ameame,cn
85,性情中人,N/A
86,7L.彦祖祖,N/A
87,念爱大神,N/A
88,Wishing,N/A
89,Mysterious Master（1）,N/A
90,夏の花火,N/A
91,yoona,N/A
92,六六,cn
93,虎牙,N/A
94,Ve,N/A
95,一只小菜鸡,N/A
96,1331,N/A
97,SeeL,vn
98,白马,cn
99,b站直播.白马,cn
100,GW.Narrow,cn
101,Wolfgang,cn
102,LT.时也命也.,N/A
103,夜辰-,N/A
104,Meliodas,cn
105,mid,N/A
106,yMo,N/A
107,Sylar,cn
108,老猫,N/A
109,bilibili.youc-,cn
110,RNG.Super,N/A
111,盖亚,N/A
112,V,N/A
113,Arc.elf,no
114,Philson.斗鱼.李三思,N/A
115,Warrior.,N/A
116,Gaska,N/A
117,3,N/A
118,,cn
119,CSDX,N/A
120,LBZS.detachment,cn
121,因为PTSD而玉玉的小宝宝,N/A
122,omoxiloyi,N/A
123,Asen-,cn
124,old chicken,cn
125,CHOSEN1,um
126,6-15火女玩的不错,N/A
127,爆眼怪 - ),N/A
128,小当家Dy6421054,N/A
129,Old leAf,N/A
130,響,N/A
131,卑微,N/A
132,Tira.,N/A
133,拒绝钓鱼,N/A
134,Judy,cn
135,CynAz ,N/A
136,rose,N/A
137,1,N/A
138,Newbee.Y.Leyuan,N/A
139,SkyingOcean,cn
140,抽象派,N/A
141,巨魔蘸酱,cn
142,Awsl.Lanaya,N/A
143,HH❤❤loveLxw,cn
144,Mrrr丶,cn
145,wohsta,N/A
146,oo,N/A
147,Tz.,cn
148,bilibili.小星星,N/A
149,唉,N/A
150,Senorita,N/A
151,空,cn
152,aqua,cn
153,DEC.jiumi,N/A
154,I'M SO WACKY！,N/A
155,kuo,N/A
156,劣势路猛男,N/A
157,橘里,cn
158,bili 24811 350 彻底玉玉惹,N/A
159,SH,N/A
160,SZ.MyAn,N/A
161,DMG.xy-,N/A
162,Wings.陪练加好友,cn
163,Hogwarts,N/A
164,IF YOU,cn
165,xixi,N/A
166,小红花,N/A
167,Forever,cn
168,Isabellae&Panda,N/A
169,Arcade,N/A
170,太仓拳师,N/A
171,NeverMore.Miracle-,cn
172,AhoradaEstrela,N/A
173,Uni.Predator04v-,cn
174,FOX.红白灵梦,cn
175,送金狗,N/A
176,Clair De Lune,N/A
177,WGFY.Puer tea,N/A
178,我带你们打.西南财经大学第一C,N/A
179,小虎余,N/A
180,雷雨夜航,N/A
181,！！！！！！,N/A
182,v1Necy,cn
183,手痛,N/A
184,你先别急,N/A
185,啵啵蛋,my
186,稚而不勇,N/A
187,1,cn
188,yoio,N/A
189,SLD.神e光辉,N/A
190,哦,cn
191,󠀡历练,cn
192,PBE.LGC.Tonii,N/A
193,EL,cn
194,NL,N/A
195,危,N/A
196,吕奉先,N/A
197,zzzZ,N/A
198,空想家（中,N/A
199,菀卿小可爱♡,cn
200,JC（1）,N/A
201,0.0,N/A
202,樊胜美,N/A
203,명치존나쌔게때리고싶,N/A
204,1,N/A
205,.,N/A
206,Chitty Chitty Bang Bang,N/A
207,,N/A
208,老蔡,N/A
209,给老挑敬礼,cn
210,世界尽头๑,N/A
211,这个统帅实力不在我之,N/A
212,My Way,N/A
213,一分钟恋人,N/A
214,帆船,N/A
215,2,N/A
216,BurNIng,N/A
217,说的好，但是这毫无意,N/A
218,肯,cn
219,SpiritM,cn
220,末路,cn
221,你好,N/A
222,鸭儿一甩 我最摇摆！,N/A
223,,N/A
224,POS3,N/A
225,,cn
226,One.,N/A
227,pos123,N/A
228,Ninelie,N/A
229,γγ F γγ F. c o m,cn
230,求比赛队伍,cn
231,望月湖陈奕迅。,N/A
232,神华降临,N/A
233,GAKKI是我的,cn
234,feiwuzhihuijiao?,N/A
235,太太，你也不想你的丈,N/A
236,1,N/A
237,上分！！！,N/A
238,KK丶,cn
239,岚,N/A
240,WHG.Astral,cn
241,1,N/A
242,isara,N/A
243,Orange,N/A
244,哇酷哇酷灬,N/A
245,KUNIO,N/A
246,1,N/A
247,云,N/A
248,^*^,N/A
249,妮妮小凉鞋,cn
250,Escaper,N/A
251,冷静,N/A
252,syxs,N/A
253,reze,N/A
254,逆天改命沒改命,N/A
255,新版本不会玩了,N/A
256,ʚkkɞ,N/A
257,FFFFFF,cn
258,81192,N/A
259,*,N/A
260,小鱼干罢了,N/A
261,我不是小趴菜~,N/A
262,.seize,cn
263,^ ^,N/A
264,duaja,N/A
265,绝世高手.,cn
266,时无英雄，使竖子成名,N/A
267,199,N/A
268,奈克瑟斯,N/A
269,syt的老父亲,N/A
270,IG.super,cn
271,Sky Ocean,N/A
272,渴爱,N/A
273,郑居中,N/A
274,Lhy,N/A
275,.,N/A
276,kismet,N/A
277,某某某,N/A
278,DBAA,N/A
279,sss,N/A
280,Ad[a]m,N/A
281,Shiz.waterfall,N/A
282,庆之,cn
283,qwq,N/A
284,Rui,N/A
285,γγƒγγƒ.康姆,cn
286,.,N/A
287,大野猪,N/A
288,4z.DDRD,cn
289,YuDuBai,N/A
290,你会打有个屁用啊！,N/A
291,BePoop,N/A
292,XCJ,N/A
293,饮神血,N/A
294,偷吃,N/A
295,为什么,N/A
296,曾是高手,N/A
297,1990,N/A
298,Re,N/A
299,sword,N/A
300,樱花草莓寿司卷,N/A
301,Conceit.,cn
302,不洗头就会生锈,N/A
303,居居居居,N/A
304,孟德,N/A
305,S,N/A
306,爱琴海战神,N/A
307,猩红狂热,N/A
308,李相赫,N/A
309,SuanTou,cn
310,嘟嘟,N/A
311,PUCK YOU,cn
312,oarfish,N/A
313,杂毛小迪,N/A
314,[],N/A
315,Devil,N/A
316,不羡仙.,N/A
317,别凶我 我怕狗,N/A
318,玉玉,N/A
319,六灭无我剑廿三,N/A
320,关爱RUOZHI协会.Keria,cn
321,万剑一,cn
322,Maps,N/A
323,Runy❤❤,N/A
324,李现,N/A
325,我带你们打.Chola,N/A
326,失败却是主旋律,N/A
327,Deicide.MorisOn,cn
328,MEU,N/A
329,鳖在这理发店,N/A
330,,N/A
331,shuye,N/A
332,你吗炸了,cn
333,3血抽口也不伤,N/A
334,MG.YYYYYY,N/A
335,莽夫,N/A
336,Anyway the wind blows,N/A
337,柠檬,N/A
338,皮卡丘,cn
339,2,N/A
340,神秘选手,N/A
341,老6,N/A
342,....,N/A
343,熟鱼片,N/A
344,Posipiece.,N/A
345,へ,N/A
346,DK.yeE,N/A
347,shy shy Eileen,N/A
348,Lu.River.,N/A
349,熬夜的苦逼君,cn
350,mikasa,cn
351,123,N/A
352,phoenix,cn
353,PSG.LGD.JayChao,cn
354,VB.杨千嬅的歌迷,N/A
355,Dalaog3,cn
356,THU.Sora,cn
357,HiNaTaaaa,cn
358,胡图图,N/A
359,M.C The Max,N/A
360,石原,N/A
361,**要你输你只能输,N/A
362,idc,N/A
363,LGD,N/A
364,nve.Tsky,cn
365,lichole,cn
366,NEUP.P!!!,cn
367,梦,N/A
368,你真的特别菜,N/A
369,zEx5.nightmare,N/A
370,二毛五,N/A
371,lyn,cn
372,Bananice,N/A
373,可惜没有好好说再见,N/A
374,exd,N/A
375,十八熊人之一,N/A
376,T1amo,cn
377,MRQ.Mangata,cn
378,glow_,N/A
379,废品小亂.°亂開心,cn
380,KAT,N/A
381,5416丶,cn
382,Synl,N/A
383,玩的我想笑.,N/A
384,Ismemories,cn
385,n.val-i-ter,N/A
386,MarioBros,cn
387,拒绝维萨吉 拒绝做分奴,N/A
388,如花,cn
389,花 太阳 Rainbow you,N/A
390,76561198101809134,N/A
391,OF.月无痕,cn
392,RMP.Aethrak,cn
393,恣意の潇洒,N/A
394,godlike,cn
395,溜溜梅,N/A
396,无所谓,N/A
397,AABB,N/A
398,花有重开日，人无再少,N/A
399,JH,N/A
400,恍惚,N/A
401,Boss.int.花菜酱天下第一,cn
402,SMT.Nanjo-,cn
403,暗黑,N/A
404,黑屋之王,N/A
405,这我得给你竖大拇指呀,N/A
406,idc,N/A
407,刘皇叔,N/A
408,宝宝.笨笨,N/A
409,没人爱当小丑，谁不想,N/A
410,尙γγf丫γf.°鱇牡,N/A
411,youngflameinsickomode,N/A
412,KAMI,N/A
413,杀杀杀杀杀杀杀杀杀,N/A
414,Yicar,N/A
415,happy dota,N/A
416,110,N/A
417,KKK,N/A
418,2,N/A
419,糖果儿,N/A
420,千万别让我赢啊,N/A
421,莓可,N/A
422,Cy,N/A
423,内江dota,N/A
424,故事的最后你好像还是,N/A
425,南陈,N/A
426,MilesSolomon,N/A
427,小熊饼干,N/A
428,ADC,N/A
429,陈十一,N/A
430,Africa BOY,N/A
431,粉色彩笔天下第一!!!,N/A
432,你闪我闪,N/A
433,YE.shana,cn
434,别来无恙๑,N/A
435,若能绽放光芒,N/A
436,alibaba,cn
437,ice.Zui,N/A
438,CPU.R.Kuriboh,cn
439,XPY.Cn.Jn,N/A
440,LGD.Echo,N/A
441,Puyuma,cn
442,Shush,N/A
443,昨天晚上我可能死了,N/A
444,RC.Linkin Puck,cn
445,远东电缆,cn
446,JNU.big Lx.BUpt,cn
447,桃之夭夭，灼灼其华,N/A
448,新手《别问，问就是卖,N/A
449,漫漫星空不及你,N/A
450,Yellow,N/A
451,LOD,N/A
452,放晴,N/A
453,weqwper,N/A
454,马格纳斯,N/A
455,be humble,N/A
456,Magic,N/A
457,硬,N/A
458,Ruc,N/A
459,lsp,N/A
460,111,N/A
461,野王,N/A
462,天使焦虎牙TV973760,N/A
463,2,N/A
464,天下第一帅（ε=(´ο｀*)),N/A
465,Opm,N/A
466,捕鱼,cn
467,毛毛虎,N/A
468,YUYU,cn
469,UTAKATA,N/A
470,SBG.爻,N/A
471,日中天,N/A
472,雷鸣,N/A
473,123,N/A
474,TSD.Dzy,cn
475,vampire,cn
476,EZ.As,N/A
477,炼妖合出14JN童子,N/A
478,李昌明,N/A
479,不错的项目,N/A
480,席卷大地,N/A
481,玉溪是个好地方,N/A
482,Ares,N/A
483,东海帝皇,N/A
484,,N/A
485,dial back all the pains,cn
486,毛猪,N/A
487,carry,N/A
488,321摆,N/A
489,1,N/A
490,虾仁饭,N/A
491,kiki,N/A
492,猫猫、,N/A
493,一撇一捺,N/A
494,BSG.midone,N/A
495,Eyesight,N/A
496,Theshy .,N/A
497,s.s,cn
498,我的萌子牙,cn
499,可乐不冰怎么喝,cn
500,back to LA,N/A
501,合肥工业大学第一杀神,N/A
502,Mid,N/A
503,¿,N/A
504,风林火山、,N/A
505,斗鱼3258.杰出哥,N/A
506,巴巴托斯,N/A
507,我有制币证 开始硬刷了,N/A
508,吴宇峰,N/A
509,Beedrill,N/A
510,我带你们打.小草莓,cn
511,.....,cn
512,幕刃杀手,N/A
513,红豆,N/A
514,RZ-败哭大神,cn
515,LFY.LPC,cn
516,百花丛中过，片叶不沾,N/A
517,粥,N/A
518,Hikari,N/A
519,qwerty、,N/A
520,NMSL,cn
521,６つの辉き,N/A
522,.,N/A
523,花は桜木 人は武士,N/A
524,C.C.,N/A
525,应耐心,N/A
526,神,N/A
527,KG.L.maomao,N/A
528,111,N/A
529,上帝不会抛骰子,N/A
530,..LFT.acg,N/A
531,346p.Nachi,ro
532,aaa,N/A
533,乌龟,N/A
534,yf.斗鱼唯一峰哥孙一峰,cn
535,加隆 ·隆巴尔,N/A
536,别放弃！（12）,N/A
537,12,N/A
538,practise carry,N/A
539,小小要单排,N/A
540,试着解读,N/A
541,真的想赢（加油加油，,N/A
542,luck,N/A
543,Jyc666,cn
544,pikachu.吃鱼,N/A
545,头铁练练345,N/A
546,哈哈,N/A
547,JNU.DYS,cn
548,扎克,N/A
549,Pig,cn
550,大宝,N/A
551,极霸,N/A
552,涵,N/A
553,新手,N/A
554,Promise.SIX SIX SIX,N/A
555,在你心上撒野ヽ(；▽；),N/A
556,Yao.,N/A
557,OT.S.xQ,cn
558,贴吧.Jumbo,cn
559,111,N/A
560,HBK,N/A
561,mdy.HAKU,N/A
562,千鹤道长,N/A
563,SooJung..Charlotte,cn
564,Boss.int.ColinAlex,N/A
565,王小猪.,N/A
566,Sunknight,cn
567,MS.GodX,cn
568,see,N/A
569,Kikyo（从今往后，天下英,N/A
570,失礼了！,N/A
571,Eachother,N/A
572,JinAir sOs,N/A
573,James,N/A
574,手手,N/A
575,大侠爱吃汉堡包,N/A
576,S. F.土里,cn
577,谢晚落a,N/A
578,WGFY.树人,cn
579,NO.99999.Just kidding,cn
580,dy8967505All-in,N/A
581,Part.2,N/A
582,TheBullet,N/A
583,高音甜中音准低音沉,N/A
584,望哥儿,N/A
585,对线梦想,N/A
586,超级樱桃小鹿软妹,N/A
587,菓咩~,N/A
588,PIG.fan,cn
589,没完没了了是吧,N/A
590,琴音流淌,N/A
591,Rain,N/A
592,光荣的叶子,N/A
593,ariesmaster,N/A
594,TmoOn,N/A
595,澪,N/A
596,想想ANA会怎么做,N/A
597,九丶,N/A
598,For,cn
599,沉默的帮凶,N/A
600,雁王,N/A
601,krystal,N/A
602,夜神、夜神,N/A
603,FAFU.s666,cn
604,dragon tiger,N/A
605,MS.Troublemaker,cn
606,张  伟,N/A
607,345,N/A
608,在深夜里看海,N/A
609,Royal,N/A
610,丝瓜,N/A
611,SILVER,N/A
612,小鲨鱼,cn
613,Disgusting boy,N/A
614,把把C,N/A
615,Kranigl.,cn
616,Acrobat,N/A
617,lgd.ddd,N/A
618,不应该吧,N/A
619,4,N/A
620,等风来.,N/A
621,无情打桩机,N/A
622,马克西,N/A
623,哈牛,N/A
624,丑橘,N/A
625,就这还开直播？,N/A
626,tt.wolf,N/A
627,好大一棵树,N/A
628,逗逗 -手慢 勿喷,N/A
629,tea,N/A
630,霞光,N/A
631,柑橘乌云,N/A
632,ShowSt、,N/A
633,Byun,N/A
634,北京乔丹,N/A
635,哦哦,N/A
636,碰到我这么会刷的辅助,N/A
637,最速伝説と疾走の猛虎,N/A
638,12,N/A
639,,N/A
640,只会打2,N/A
641,肥仔,N/A
642,FatDuck,N/A
643,桂林理工大学,N/A
644,RV.Epiphyllum,cn
645,Yogurt,N/A
646,一点点,N/A
647,zzz,N/A
648,Casual Player,N/A
649,替代品,cn
650,233333,N/A
651,鹿紫云,N/A
652,年,N/A
653,满满,N/A
654,IG.小小小宝贝,cn
655,苍穹浩瀚,N/A
656,三十Sanshi,N/A
657,FnRos,cn
658,万古体验冠绝局,N/A
659,csdx,N/A
660,Amr,cn
661,Ashin,N/A
662,快乐的甘蔗人,N/A
663,高冷的烤地瓜,N/A
664,蓬莱山辉夜,N/A
665,柚面人,N/A
666,Running Up That Hill,N/A
667,ALu,N/A
668,KiOcean,N/A
669,11,N/A
670,裹着心的光,N/A
671,あまの ひな,cn
672,混子,N/A
673,.,N/A
674,沧海难为水,N/A
675,少女晚的神,N/A
676,下雨了O,N/A
677,M C F.夜雨,N/A
678,Yhml,cn
679,银银银银银,N/A
680,麻透了,N/A
681,无他 唯手熟尔,N/A
682,Start again,N/A
683,clever,N/A
684,123,N/A
685,SG.FeiFei,cn
686,Monomic,N/A
687,跑跑卡丁车职业选手,N/A
688,< blank >,N/A
689,狠角色,N/A
690,...,N/A
691,伟大勇者,N/A
692,Moon Fall,N/A
693,GG.Ana,N/A
694,lqz,N/A
695,好呀好呀好呀,N/A
696,七煌宝树,N/A
697,神怨天,N/A
698,rettttttt,N/A
699,Gloria.sry,N/A
700,闭麦,N/A
701,21435,N/A
702,OmO,N/A
703,一脚踹醒他娘喂奶,cl
704,123,N/A
705,Smallink,cn
706,水云,N/A
707,赫,N/A
708,su pp ort,cn
709,pop3,N/A
710,或许是她丶,N/A
711,灵感大王,N/A
712,Taichi.b1ng,cn
713,粉色猛男,N/A
714,燕返,N/A
715,唔姆,N/A
716,电脑不舒服,N/A
717,少女的祈祷,N/A
718,陈靖仇,N/A
719,凛,N/A
720,既然你诚心诚意的发问,N/A
721,33h,N/A
722,12345,N/A
723,聪明又善良,N/A
724,Shadow灬,N/A
725,戒骄戒躁！,N/A
726,LSJ.妖精卡卡,cn
727,久（2323233）,N/A
728,理塘丁针,N/A
729,.,N/A
730,坦克鸭,N/A
731,By,N/A
732,ice coke,N/A
733,正義,N/A
734,BT.Toby,cn
735,3号位找队,N/A
736,biubiu,cn
737,呜哈哈,cn
738,可乐.,N/A
739,Kindergarten Killer,N/A
740,1925,N/A
741,.,N/A
742,NEO,cn
743,今天晚上不加班,cn
744,123222,N/A
745,俊大吉,N/A
746,老6,N/A
747,HzzT,cn
748,远离喧嚣,N/A
749,_Luke,N/A
750,嘿嘿 就是玩儿,N/A
751,意哥哥,N/A
752,SG.Tanya,cn
753,0711,N/A
754,Spb.Symm,jp
755,strike,za
756,1,N/A
757,猪King,N/A
758,DXM,N/A
759,ttt,cn
760,难,N/A
761,西内~!,N/A
762,Sorrow,N/A
763,device,N/A
764,前路永夜,N/A
765,山城曹达华,N/A
766,搞耍天才,N/A
767,清风,N/A
768,坠入黑暗,N/A
769,Smart boy,cn
770,嘻嘻哈哈,N/A
771,水漫金山工作室临时工,N/A
772,Mounta1n.,N/A
773,.,N/A
774,WDNMD.程蝶衣,N/A
775,火车王,cn
776,王俊凯,N/A
777,爱情杀人时间,N/A
778,高饮一壶,N/A
779,wulin,N/A
780,Sign,N/A
781,sxlrb,N/A
782,狂暴野猪,N/A
783,没有人可以杀的了我铁,N/A
784,oaur,N/A
785,noob,N/A
786,1,N/A
787,111,N/A
788,Solid.@Sdn,cn
789,简单男孩,N/A
790,，,N/A
791,合肥第一高手（max杂碎,N/A
792,？？？,N/A
793,无情的killer,N/A
794,dyzs.11,N/A
795,GY,cn
796,Schwarze,N/A
797,.,N/A
798,宿傩,N/A
799,cqu.赵玉真,cn
800,mkH.Blink_Jeff,au
801,Ra_iN-,N/A
802,RBT.丿杜蕾,cn
803,New Birth.万人阵前,cn
804,Hollow,N/A
805,纯爱战神,N/A
806,医生,N/A
807,核心肄业生,N/A
808,"Recall of the wind, Apostle robb",N/A
809,哈哈哈哈哈一个朋友,N/A
810,Qvod.141,cn
811,战绩红但脸不红,N/A
812,TH.Tzy,cn
813,TalkBack,N/A
814,summerpockets,N/A
815,Blue丶,cn
816,倪家军,cn
817,李忆如.,N/A
818,除心,N/A
819,spaaa,cn
820,小羊（乐山人）,N/A
821,虾米,N/A
822,again0000,N/A
823,Basterds.wshwk,N/A
824,超凡猪练xi生,N/A
825,我有4个绝活,N/A
826,35,N/A
827,勇敢牛牛,N/A
828,神里绫华  参上！,N/A
829,Taylor~~,N/A
830,划过天空的板砖,N/A
831,苏牧羊,N/A
832,孤傲的boy,N/A
833,Barlow.,N/A
834,sakura.^ ^.,cn
835,SDDDD,N/A
836,螺旋机の終末ヤン炭焼,N/A
837,冲雷拐(500+),N/A
838,Dy18067928,N/A
839,登高而招,N/A
840,MalaSuerte,N/A
841,r,N/A
842,小卜牛,N/A
843,Hp,N/A
844,The Black&Silver,N/A
845,哈哈怪,N/A
846,美好的一天从天梯结束,N/A
847,要么秀 要么送,N/A
848,看到队友这么强，我就,N/A
849,宜宾麒麟哥,N/A
850,李逍遥,N/A
851,yue!!!,N/A
852,T·E·I·O,N/A
853,brokemyheart,N/A
854,张米亚,cn
855,高考结束开始充分,N/A
856,愤怒的紫怨,N/A
857,从来就没有什么救世主,N/A
858,YYYYYYY,cn
859,IG..9,N/A
860,何正雨,N/A
861,影,N/A
862,1,N/A
863,LionK.Kai,cn
864,PBR.Apricot,N/A
865,758646,N/A
866,闪光·超级巨钳螳螂+2,cn
867,我去前面探探路,N/A
868,♥丢丢，你怎么这么傻,N/A
869,犹豫和害怕能赢吗？CNDOT,N/A
870,超级小爱,N/A
871,Drug,N/A
872,乐山小伙子,N/A
873,熊猫,N/A
874,敌法师,N/A
875,高ping战士,N/A
876,青争,N/A
877,那就去伦敦,N/A
878,最菜的,cn
879,1,cn
880,Subjugation,N/A
881,我就是要出怨灵之契！,N/A
882,也忆鸣蜩,N/A
883,Invincible,N/A
884,K!O!T!K,N/A
885,Lucky You,N/A
886,哼，想逃,N/A
887,KeNsH!n,cn
888,. ༺ༀ臨༒風 ༀ༻,N/A
889,PSG.LGD.DD,N/A
890,想去海边๑,N/A
891,Oneness。,cn
892,绝望吗？,cn
893,一只大武旦,cn
894,F.S.Blueming,N/A
895,LostControl,N/A
896,Rain4ever,N/A
897,Whispers.SorA,cn
898,Rorschach,cn
899,pl,cn
900,Serial,N/A
901,黄金跳蚤,N/A
902,美石砸脚,N/A
903,MPAPPE666,mn
904,法国南部基德人,N/A
905,你在教我做事啊,N/A
906,刷分宝宝,N/A
907,默默屏蔽4个队友,cn
908,突破,N/A
909,sad,N/A
910,.,N/A
911,一起逃走吧,N/A
912,中国.aa9473766,cn
913,fa,N/A
914,~ / ~,N/A
915,2022,N/A
916,TTD.Dawn,N/A
917,xxm,N/A
918,233,N/A
919,三六一十六,N/A
920,刘玄德,N/A
921,0.0.,N/A
922,OZF.Another,cn
923,乙,N/A
924,天命,N/A
925,知非,cn
926,顾千帆,N/A
927,专属自由,N/A
928,Aq,N/A
929,45,N/A
930,法师克星,N/A
931,Mei,N/A
932,能不能输一把,N/A
933,霹雳小子,N/A
934,众生药业,N/A
935,Jony j,N/A
936,郭佑宁夺走你的金币,N/A
937,安,cn
938,今天开始做猛男,N/A
939,only CaRrY,N/A
940,莎缇拉♭,N/A
941,FG.Pars,cn
942,心大人,N/A
943,bibubibu,N/A
944,< blank >,N/A
945,雪,cn
946,Lol.zzx,cn
947,在抢我位置之前看看自,N/A
948,天罚者,N/A
949,玩刀塔的都是杂重居多,N/A
950,乐山道明寺,cn
951,EX.Solar,cn
952,钟馗,N/A
953,♥Soul,cn
954,ssmy,N/A
955,VICHY,N/A
956,迷 迭 香,N/A
957,温华,N/A
958,风杖飞鞋轻胜马,cn
959,你只能排到我一次丶,N/A
960,old_Wang,cn
961,Old  man.yy.fyyf.c o m,N/A
962,YingCheng,N/A
963,Hunter100%,N/A
964,晓の焰光夜伯,N/A
965,梦猪,N/A
966,Ldj,N/A
967,零点,cn
968,345,N/A
969,Sherry,N/A
970,iu,cn
971,Gai,cn
972,nah,N/A
973,Insomniac,N/A
974,意识模糊的,N/A
975,老年 波顿,N/A
976,Gatsiby,N/A
977,YaphetS,N/A
978,隔壁老王,N/A
979,俺の爱马が！,N/A
980,LFY.剑来！,N/A
981,陆小凤<<,N/A
982,寻找比赛中,N/A
983,,N/A
984,把分给我,N/A
985,感觉即体感,N/A
986,Mr黄快块,cn
987,祝林的老挑,N/A
988,红豆泥阿里嘎多,N/A
989,835,cn
990,给我买个大药吧,N/A
991,秋月有边。,N/A
992,安徽皖小扛把子,N/A
993,TB,N/A
994,怎样解脱,N/A
995,FA.24,cn
996,烈烈中风丶,N/A
997,Reset,N/A
998,minato,N/A
999,ojbk,N/A
1000,低调 隐忍 投降,N/A
1001,corerole,tm
1002,Ys,N/A
1003,Jasper 、86,cn
1004,ying,N/A
1005,LoveYUN,N/A
1006,apl.dap2,N/A
1007,王也,N/A
1008,不吃柚柚♡,N/A
1009,123,N/A
1010,ZP,N/A
1011,nanwan,N/A
1012,我也想玩那些自己会的,N/A
1013,Bianco,N/A
1014,夜神夜神,cn
1015,杀手,N/A
1016,方也,N/A
1017,悄咪咪的让队友坐牢,N/A
1018,浅笑沧桑,N/A
1019,Kusuri,N/A
1020,。。,N/A
1021,你三姨夫,cn
1022,4.5,N/A
1023,XiaoAgua,cn
1024,bufukanni,cn
1025,上将邢道荣,N/A
1026,小鱼儿,N/A
1027,给我bh，能赢,N/A
1028,///M,cn
1029,理塘顶针,N/A
1030,我可厉害了,N/A
1031,你是猪!,N/A
1032,yoxi,N/A
1033,遇上方知有_zH,N/A
1034,踏天东归,N/A
1035,chill,N/A
1036,Vanish,cn
1037,Drhcrs,N/A
1038,请往前走,N/A
1039,如果你有7000分你教我我,N/A
1040,SoBer·,cn
1041,HiGiD.去吧比卡丘,cn
1042,Polarized light,N/A
1043,1 2,N/A
1044,赤夜紫雨,N/A
1045,明明流,N/A
1046,mid-,N/A
1047,Asuka.贝极星,cn
1048,Murrrrrri.Maho,N/A
1049,猛1,N/A
1050,二次元.Mo Cuishle,cn
1051,哎呦喂,N/A
1052,FK,cn
1053,YYC,cn
1054,Ehome.l.kirito,N/A
1055,7,N/A
1056,ss.LUNCH,cn
1057,只打12,N/A
1058,好久没玩了,N/A
1059,运游而已,N/A
1060,cc,N/A
1061,开到荼蘼,N/A
1062,-.-,N/A
1063,tong.桐城第一战,N/A
1064,有事发病,N/A
1065,ZZ队友搞心态,N/A
1066,Lee,N/A
1067,my,cn
1068,6,N/A
1069,Dongdong,cn
1070,Johnny Depp,N/A
1071,哦,N/A
1072,凤,N/A
1073,宰,N/A
1074,.,N/A
1075,穿越世纪,N/A
1076,神仙打架,N/A
1077,M.,cn
1078,蚊子大黑奶,N/A
1079,pos 1/3,N/A
1080,Yyh,N/A
1081,我只打架,N/A
1082,voyage1971,N/A
1083,这是个难过的日子,N/A
1084,人被杀就会死,N/A
1085,队友真是太猛啦,N/A
1086,黑旋风林黛玉,N/A
1087,Dark Pegasus,N/A
1088,CCPXX.Mcl,cn
1089,LGD全球总亚军,N/A
1090,顾我,N/A
1091,秋分秋分,N/A
1092,WSD,cn
1093,XXX,N/A
1094,穗,N/A
1095,燕返,N/A
1096,........,N/A
1097,Lux Ferre,N/A
1098,VS,N/A
1099,2014,cn
1100,牙嘞牙嘞,N/A
1101,无趣,N/A
1102,Mauricio Pochettino（PSG manage,N/A
1103,小先生,N/A
1104,神了！神了！,N/A
1105,老毒物,N/A
1106,倾小镇,cn
1107,97,cn
1108,NUAA.太阳,cn
1109,~~,N/A
1110,Shin.（45）,N/A
1111,.....,N/A
1112,小小鲨,N/A
1113,Jixing表演,cn
1114,TT.DDX,cn
1115,步步生莲,N/A
1116,BS..Wang,N/A
1117,ʚ凉凉ɞ,N/A
1118,ruiruirui,cn
1119,笨蛋帅哥,N/A
1120,三冠王淳煜,N/A
1121,,N/A
1122,将夜,N/A
1123,土块,N/A
1124,泥～，泥啪～☆”,N/A
1125,YCCM.WLB,N/A
1126,•᷄ࡇ•᷅,N/A
1127,问男生们一个问题,N/A
1128,皮仔,N/A
1129,X1、,N/A
1130,Yaphets,N/A
1131,赢了都**哥儿们,N/A
1132,云南堡垒,N/A
1133,木头face,N/A
1134,CH,N/A
1135,VBF.vvvvvvv,N/A
1136,w,N/A
1137,秋の神,N/A
1138,wsq,N/A
1139,仁寿阿宁~,N/A
1140,慈悲,N/A
1141,Sai,cn
1142,Des7iny,N/A
1143,< blank >,N/A
1144,大王师傅123,N/A
1145,拔剑起长歌,cn
1146,dffff,N/A
1147,JSS.人称突破口,cn
1148,DJDJ,N/A
1149,林桑,N/A
1150,杨家山kennyS-M-,N/A
1151,别急,N/A
1152,虚式「茈」,N/A
1153,左旋溜达鸡,N/A
1154,Play boy,N/A
1155,卡密萨马阿里嘎多,N/A
1156,FKG.剑笑四方,N/A
1157,吾心吾行黑如墨镜，苟,N/A
1158,suibianwanwan,N/A
1159,yaD,N/A
1160,,N/A
1161,1,cn
1162,狗崽,N/A
1163,BLOCK,N/A
1164,拒绝哈,N/A
1165,打完这把我背八成锅,N/A
1166,X-team.lingJTC,cn
1167,囧神,cn
1168,低调^隐忍^白给,N/A
1169,倾城,N/A
1170,混,N/A
1171,不想赢可以不赢,N/A
1172,Mid,N/A
1173,塔塔塔,cn
1174,对弈,N/A
1175,.,N/A
1176,戏子如画,N/A
1177,w1nk,N/A
1178,兔八孩的眼泪,N/A
1179,Gilgamesh_yu,N/A
1180,夏天的冰淇淋,N/A
1181,Flowers,N/A
1182,想坑就坑,N/A
1183,OG.Topson.bit,N/A
1184,76561198808097214,N/A
1185,DD弗兰拆那,N/A
1186,AvA.唐氏,cn
1187,先买眼后买鞋,N/A
1188,dream dies,N/A
1189,风灵雪,N/A
1190,noob,N/A
1191,g，hao,N/A
1192,,N/A
1193,Tommmmmy.CN,cn
1194,555,N/A
1195,不出意外的话 就要出意,N/A
1196,kp(ode to pep),N/A
1197,Monstro.Cra,cn
1198,ND.D B D Y,cn
1199,MNK.Xcc,N/A
1200,爆炸的金针菇,N/A
1201,TOP1.Ye,cn
1202,sNow,N/A
1203,灰の魔女,N/A
1204,AcE.OaTh,N/A
1205,墨染青衫,N/A
1206,Dip.Z,N/A
1207,汪大洋。,N/A
1208,心态决定胜负,N/A
1209,喵内噶,N/A
1210,Ks_Frabeli,cn
1211,随心所欲,N/A
1212,PB.FSsn,N/A
1213,眼涙卟聴話灬,N/A
1214,feiwu,N/A
1215,城南国际学院扛把子,N/A
1216,不挣不抢,N/A
1217,湖南帮.zL,cn
1218,76561198098651600,N/A
1219,小公主,N/A
1220,格尔曼·斯帕罗,N/A
1221,梦安,N/A
1222,(☄⊙ω⊙)☄,N/A
1223,每天打三盘,N/A
1224,欧拉欧拉欧拉！,N/A
1225,毒,N/A
1226,yyfyy.f. co m,N/A
1227,Tiktoker,N/A
1228,cydmw777,cn
1229,琉璃星丶,N/A
1230,思念变成海,N/A
1231,Fury,N/A
1232,林克大魔王,N/A
1233,我的拉娜娅啊,N/A
1234,TT.Teboo,cn
1235,dr.long,N/A
1236,而今迈步从头越,N/A
1237,iamhanrui,N/A
1238,我在混 你可不能混了,N/A
1239,ЧЧ FЧЧ F .cΘм,cn
1240,ll Mago,N/A
1241,Exo,N/A
1242,小粉大人,N/A
1243,O.T.,N/A
1244,解解毒,N/A
1245,冬冬,N/A
1246,mid,N/A
1247,123,N/A
1248,1,N/A
1249,成都AG超玩会.一诺,N/A
1250,复健,N/A
1251,霸,N/A
1252,VivIAn，❤❤♡,N/A
1253,牛马,N/A
1254,cold,N/A
1255,dLC.西瓜技师,cn
1256,Ayff丶,cn
1257,老蓝,cn
1258,一个小可爱,N/A
1259,S.T..,N/A
1260,羊毛羊毛,N/A
1261,Ay,N/A
1262,小安,N/A
1263,ALL.我妍我妍,cn
1264,----,N/A
1265,黑大帅,N/A
1266,贴吧.伊洛,N/A
1267,葬爱煊少,N/A
1268,顶级犯病,N/A
1269,foooo,N/A
1270,WyBoy.Atom,cn
1271,神头鬼脸,N/A
1272,Y',N/A
1273,流水有逸,N/A
1274,铁头,N/A
1275,。,N/A
1276,喝酒打DOTA2,N/A
1277,DB.小豪,N/A
1278,争做莫西虹的也跌,N/A
1279,kai,N/A
1280,Noox,N/A
1281,李相赫,N/A
1282,123,N/A
1283,果果,N/A
1284,AthanAsia7.SCP-2000,cn
1285,N.J,N/A
1286,777,N/A
1287,麻辣锅底,N/A
1288,我的,N/A
1289,T1,N/A
1290,阿飞丶,N/A
1291,送你去唐山,N/A
1292,kaho,N/A
1293,secondary.夜灯,N/A
1294,[M].MorrisLove,cn
1295,一顾倾人城,N/A
1296,Xplosion,cn
1297,小卒,N/A
1298,秃逼哥哥~,cn
1299,Willphone,N/A
1300,勇敢牛牛不怕困难,N/A
1301,包王不宰无名之辈,N/A
1302,不是吧,N/A
1303,新生Dota2,cn
1304,,cn
1305,理想城,N/A
1306,Shady,N/A
1307,词不达意,N/A
1308,基尔兽,N/A
1309,你很会打嘛？,N/A
1310,AK-47,N/A
1311,OK马仔,N/A
1312,1,N/A
1313,一个亲切的人,N/A
1314,千年京,N/A
1315,上分！,N/A
1316,PB.XH,N/A
1317,驰骋天下,N/A
1318,运筹帷幄，只手遮天.,N/A
1319,命定,N/A
1320,PSG.LGD.Ameame,gb
1321,罗勃班长,N/A
1322,送终鸡,N/A
1323,HNUST.老唐,N/A
1324,redflag,N/A
1325,刀剑如梦♥,N/A
1326,黑猫警长,N/A
1327,纵容و,N/A
1328,JM.kurisu,cn
1329,韬小雨,N/A
1330,上分,N/A
1331,Dayer,N/A
1332,顶级送头,N/A
1333,演员。,cn
1334,素玄,N/A
1335,小兔几,cn
1336,荧,N/A
1337,悄咪咪,N/A
1338,丙丙的保护神,N/A
1339,火 太 重,N/A
1340,asd,N/A
1341,不想打就速度G,N/A
1342,什么都会一点,N/A
1343,⎛⎝FireHappy⎠⎞,N/A
1344,3,N/A
1345,小兔几_|,N/A
1346,GC.J.,cn
1347,你很能打是吗？,N/A
1348,人生无常.大肠包小肠,N/A
1349,Ranger,N/A
1350,誰,N/A
1351,MP.恋爱审判,cn
1352,熊笨笨,cn
1353,..,N/A
1354,萨菲,N/A
1355,aa,N/A
1356,MU,N/A
1357,铁剑在必得,N/A
1358,<blank>,N/A
1359,yang,cn
1360,Luka Magic,N/A
1361,嘎了,N/A
1362,灵气闪耀,N/A
1363,砰！！！,N/A
1364,郭嘉,N/A
1365,CuoJue,cn
1366,.,N/A
1367,123,N/A
1368,ᴘʀᴇᴛᴛʏ ᴘʟᴇᴀsᴇ,N/A
1369,SJTU,N/A
1370,♡ 天命招招 ♥,N/A
1371,世界渐冷清,N/A
1372,蛋挞王子 ENVYONE,N/A
1373,愿时光回到过去,cn
1374,SJM.1M14R,cn
1375,名刀司命,N/A
1376,GoodGame,N/A
1377,阿尔托利亚,cn
1378,怀疑你在钓我,N/A
1379,大乱斗,N/A
1380,我就是能源之城的第一,N/A
1381,ChengSiWei的小祖宗ﻮ,N/A
1382,หวาน,N/A
1383,梓贤,N/A
1384,闇影之境,N/A
1385,X,N/A
1386,烟花神,N/A
1387,木杉,N/A
1388,Scarlet,N/A
1389,体温计,N/A
1390,DSZ.DMY,cn
1391,九张机,N/A
1392,心做uP.戴主任,N/A
1393,Freely丶,N/A
1394,白露霜霜子,N/A
1395,ccccc,N/A
1396,FBG GAMING.Lilian,cn
1397,再给自己一次机会,N/A
1398,洛克王国国王,N/A
1399,冰心诀,N/A
1400,....,N/A
1401,惊险的感觉才够惊艳,N/A
1402,hosee,cn
1403,2（酬勤）,N/A
1404,不可能，我二弟天下无,N/A
1405,再见少年拉满弓，不惧,N/A
1406,Ni.仨蛋,N/A
1407,滿天,N/A
1408,Q,cn
1409,o0ZT0o,N/A
1410,Misery,N/A
1411,飞飞飞,N/A
1412,Insomnia,N/A
1413,RC.windbell,cn
1414,眉鹰,N/A
1415,从明天起做个好人,N/A
1416,管马,N/A
1417,多检讨队友 少反省自己,N/A
1418,HEHE.HAHA,cn
1419,其实我爱你,cn
1420,Charles,N/A
1421,哦豁~,N/A
1422,丢人的AME,cn
1423,枪林弹雨各显神通,N/A
1424,淦,N/A
1425,猪仔,N/A
1426,罗德岛.混子,cn
1427,msnb,N/A
1428,左慈,N/A
1429,NeeBar.Linf,cn
1430,Maki-Lucky,N/A
1431,ねずこ,N/A
1432,萝卜,N/A
1433,Newfish!!!!,N/A
1434,邪,N/A
1435,Just ONE,N/A
1436,Vina,N/A
1437,zzz,N/A
1438,Whisper,N/A
1439,yyfyy.f. c n,N/A
1440,阿b,N/A
1441,Tck.along.along,cn
1442,og1234567,N/A
1443,狙击手,N/A
1444,金枪兵,N/A
1445,曜,N/A
1446,阎魔爱,N/A
1447,race,N/A
1448,来点正常人,N/A
1449,慢,N/A
1450,撒情况啊,N/A
1451,没心没肺,N/A
1452,d.d,N/A
1453,萌萌的邵烨辉,N/A
1454,强者,N/A
1455,好难啊我也6年级不太懂,N/A
1456,.L Sir,cn
1457,？,N/A
1458,涩_涩,N/A
1459,Ton père.,N/A
1460,多情树种,N/A
1461,特南克斯,N/A
1462,名字难取,N/A
1463,OA.R.QinG,cn
1464,WAHH,cn
1465,喑哑,N/A
1466,lzy,N/A
1467,午时已到.eZ,N/A
1468,Just_Silly,N/A
1469,Jamqqq,N/A
1470,KK5,N/A
1471,Wali,N/A
1472,凛花nya~,N/A
1473,Es.T-You.敌后武工队,cn
1474,涨停！,N/A
1475,大西几,N/A
1476,未恨你负义，我恨我痴,N/A
1477,华流,N/A
1478,π,N/A
1479,晚,N/A
1480,.0,N/A
1481,76561198145725987,N/A
1482,Only Yui,N/A
1483,Eva1998,N/A
1484,Crimikkkkk【1/2】,N/A
1485,abc,N/A
1486,NowMakeSmiLe,N/A
1487,Gura,N/A
1488,ShineWei,cn
1489,彩虹,cn
1490,Power,N/A
1491,君莫行,cn
1492,gomakesomefriends,N/A
1493,日出东方满江红,N/A
1494,dupreeh,N/A
1495,纯属扯淡,N/A
1496,这不嘎了,N/A
1497,懂又不懂呀,N/A
1498,fly,N/A
1499,我本人就是一把最强的,N/A
1500,赵玉真,N/A
1501,bobo,N/A
1502,ST.大狗,N/A
1503,嘉心糖.Allen_3,cn
1504,DZ MJ,N/A
1505,战将,N/A
1506,肖哥,cn
1507,wuwuwu,N/A
1508,秋风萧瑟,N/A
1509,尐艿,N/A
1510,玛修·基列莱特,N/A
1511,鲵鲽,N/A
1512,月从今日升,N/A
1513,好裤,N/A
1514,泰迪熊的熊,cn
1515,鬼神吕奉先,N/A
1516,Kobe Bryant,N/A
1517,我带你们打,N/A
1518,1,N/A
1519,露   言,N/A
1520,Avo.North,cn
1521,分来,N/A
1522,Jay,N/A
1523,谢谢,N/A
1524,甜猪,N/A
1525,tffฅ,N/A
1526,耻辱柱,N/A
1527,Cakegod,N/A
1528,ETH-->10000,N/A
1529,肉山的巢放在海里更安,N/A
1530,ONLY1/2,N/A
1531,格林,N/A
1532,黑武士,N/A
1533,2,N/A
1534,玩的是个鸡儿,N/A
1535,ELPX,N/A
1536,方糖,N/A
1537,New Task.章北海,N/A
1538,JXD..,N/A
1539,全是屏蔽词,N/A
1540,Cy1ove,is
1541,游戏里面再奇葩的队友,N/A
1542,12,N/A
1543,[FTDB] 利剑不在掌,N/A
1544,LéiHo,N/A
1545,我永远相信曾焦阳,N/A
1546,斯文败类,N/A
1547,ただ君に晴れ,N/A
1548,绿色保护着我,N/A
1549,浓 雾,N/A
1550,US.护卫,cn
1551,Flame,N/A
1552,鲤鱼王~,N/A
1553,气急败坏，**路人,N/A
1554,< blank >,N/A
1555,死如秋叶,N/A
1556,江诗寿,N/A
1557,你们没当过新手？送的,N/A
1558,厚礼蟹,N/A
1559,(Rooftop,N/A
1560,桂投查卧匹谷,N/A
1561,Messi,N/A
1562,高手,N/A
1563,青麈,N/A
1564,冠绝最菜的大哥,N/A
1565,世界ye,N/A
1566,小野,N/A
1567,[Z.z] Vaxiu_,N/A
1568,random,N/A
1569,范瑶,N/A
1570,Vashundol,N/A
1571,浙江第一TS,N/A
1572,做你的烧杯,N/A
1573,8,N/A
1574,Dddddddky丶,cn
1575,CNB.Alex_啵啵啵,cn
1576,纯纯原批,N/A
1577,怪怪,N/A
1578,和我比细节,N/A
1579,桐人,N/A
1580,表演家,cn
1581,RNG.Chliace,N/A
1582,"躺尸 1 , 3",N/A
1583,这长江天险后，便是江,N/A
1584,我 太 帅 了,N/A
1585,大妖精,N/A
1586,只会中的❤萌萌虎❤,N/A
1587,tbdongchen,N/A
1588,我要赢,N/A
1589,DEAAAAN,N/A
1590,摆烂,N/A
1591,D.A.华中科大,cn
1592,tyf,cn
1593,ok恭仔,N/A
1594,大明星,N/A
1595,DN.teA,cn
1596,五分之一,N/A
1597,Taylor.,N/A
1598,再多险境绝地视而不理,N/A
1599,我杀100个就赢了吧好呀,N/A
1600,霞浦萧敬腾,cn
1601,花了500买的号,N/A
1602,Fe.替补.老陈,N/A
1603,2DEmoon,N/A
1604,Takeru,N/A
1605,Utsutsu.blank,N/A
1606,Ah Jiang,cn
1607,大摩尔,N/A
1608,Daintily,N/A
1609,练,N/A
1610,Xard-,N/A
1611,Sc,N/A
1612,哦,N/A
1613,2,N/A
1614,< blank >,N/A
1615,大地,N/A
1616,LA-KOBE24,cn
1617,KK3,N/A
1618,末将阿凡达<1or random>,N/A
1619,1,N/A
1620,夜魇方水晶室女,N/A
1621,就当看不见（3/4),N/A
1622,HM.麻风侏儒,N/A
1623,乌鸦,N/A
1624,< blank >,N/A
1625,金铭金铭金,N/A
1626,y.y.f.y.y.f. c.n,cn
1627,跳舞机,N/A
1628,山王的通缉,N/A
1629,湖南地区比较鲜嫩多汁,N/A
1630,V,N/A
1631,幽灵酱丶,N/A
1632,杨逍,N/A
1633,Aten,N/A
1634,我将阿东**给上分之神,N/A
1635,司马小偲,cn
1636,COSFUN.博丽灵梦,cn
1637,濑粉-,N/A
1638,我要清零,N/A
1639,丶Shine,N/A
1640,LS,N/A
1641,你爹来喽,N/A
1642,夏末秋,N/A
1643,宝，你刀被反补了,N/A
1644,勤学多问勤能补拙,N/A
1645,阳光猛烈，万物显形！,N/A
1646,一只骷髅头,N/A
1647,PURPLE LABEL.,N/A
1648,bingo,N/A
1649,我知道你很急但是你别,N/A
1650,典韦,N/A
1651,小兔几乖乖ฅ՞•ﻌ•՞,N/A
1652,Vv__神,cn
1653,出擊'至高之劍,N/A
1654,无拉齐,N/A
1655,好卡.^_^,cn
1656,叮当猫.Ame,cn
1657,寄,N/A
1658,S I S I,N/A
1659,我的热情燃尽了,N/A
1660,DYMG.香草咖啡,cn
1661,邹邹今天下凡啦,N/A
1662,上去就是邦邦2拳 开摆、,N/A
1663,青羽,N/A
1664,Taiyuan.Xin,cn
1665,雲深不知處,N/A
1666,神,N/A
1667,滚滚练习生,N/A
1668,不要你离开  距离隔不开,N/A
1669,康复训练,N/A
1670,老魔小丑，岂堪一击,N/A
1671,等你下钟,N/A
1672,小鱼苗,cn
1673,劫贫济富,N/A
1674,J,N/A
1675,渝州第一反派,N/A
1676,Artist,N/A
1677,hao can,N/A
1678,依然范德彪,N/A
1679,724.,cn
1680,念头通达,N/A
1681,tingbudong,N/A
1682,巨大*正义,N/A
1683,银翼的魔术师,N/A
1684,7777777,N/A
1685,SPG.NT.MelodyLover,cn
1686,< blank >,N/A
1687,这是副号-探索赢的规律,N/A
1688,魔鬼,N/A
1689,徒徒,N/A
1690,回到当初爱你的时空,N/A
1691,闹咪,N/A
1692,IK,cn
1693,oukei.橘子,N/A
1694,SSD.掉了点钱,cn
1695,SCU.斑,N/A
1696,,cn
1697,她好会啊,N/A
1698,黑豚.Waiter,cn
1699,None,N/A
1700,PY deal.GGW,cn
1701,力不从心,N/A
1702,CWQ.LesbianOooooooi,N/A
1703,AAAAAAAAAAAAAAAdsas,N/A
1704,强？因为我是中军の王,N/A
1705,Syq,N/A
1706,棉白白,N/A
1707,free.Spec,cn
1708,陷入氵工局,N/A
1709,好久不见丶,N/A
1710,WP.pudge,cn
1711,努力の孟婆,N/A
1712,宠爱豚,cn
1713,让开别拦我,N/A
1714,贾碧,N/A
1715,笑笑笑,N/A
1716,DetailS、MinT,N/A
1717,哦呼！,N/A
1718,咋办呢,N/A
1719,..11,N/A
1720,打你ma个根号八,N/A
1721,菊内人.战斗鸡,cn
1722,1111111111111111111111,N/A
1723,万物显形,N/A
1724,Lyf,N/A
1725,aaa,N/A
1726,anti magic,N/A
1727,咕咚,N/A
1728,HookYoung,N/A
1729,圣子划帘,N/A
1730,潇湘夜雨,N/A
1731,luobodan,N/A
1732,喜欢打篮球,N/A
1733,MiniDiva,N/A
1734,"<font face=""Segoe Script"">onlyfl",cn
1735,回到过去,N/A
1736,哑巴,N/A
1737,SYSU.LGD.癫狂小丑！！！,N/A
1738,慕叶,N/A
1739,アニ・レオンハート,N/A
1740,PSG.吴柳莹,my
1741,夏蝉,N/A
1742,1号位,N/A
1743,朝阳群众我最6,N/A
1744,NE0n-,N/A
1745,最爱老婆大人,N/A
1746,璐璐牌不粘锅,N/A
1747,王德发,N/A
1748,Not so bad,N/A
1749,Not Matter !!,N/A
1750,Newko.黄忠,cn
1751,想被高能大哥拯救,N/A
1752,AM.Ayi,cn
1753,风吹雪ﻮ,N/A
1754,Dorune'ka,N/A
1755,帅到自己怕,cn
1756,- -,N/A
1757,喜欢小丸子的蜡笔小新,N/A
1758,田园海末,N/A
1759,sakiro,N/A
1760,Dev!L_Nu.666,cn
1761,HAHA,N/A
1762,666 开心DOTA BESTDOTA,N/A
1763,阿诗玛,N/A
1764,高端的队友往往以敌人,N/A
1765,噗嗤,N/A
1766,轻舞飞扬,N/A
1767,jinder,N/A
1768,Summer,N/A
1769,闪光 霸王花,N/A
1770,sugar,N/A
1771,Laby.614,cn
1772,JTG.str,N/A
1773,567,N/A
1774,YGD.大茄子,cn
1775,下得快？,N/A
1776,麦特考索恩,N/A
1777,SGD.阿登,N/A
1778,暴怒小白兔,N/A
1779,Anya,N/A
1780,yyy,cn
1781,三红脸不红,N/A
1782,ONe：,N/A
1783,CYJ.三叶,N/A
1784,黑灯瞎火孟三刀,N/A
1785,SEM.FLY,cn
1786,FF.boring,cn
1787,高手,N/A
1788,anzuWYF,N/A
1789,Y的日常日记,N/A
1790,Shiro,N/A
1791,重回6000,N/A
1792,.focus.Poet,cn
1793,嘛哒嘛哒捏.,N/A
1794,Adol,N/A
1795,一起嗨皮,N/A
1796,SH.gin,cn
1797,宰猪王,N/A
1798,Qing.,N/A
1799,等你下课,N/A
1800,Eason。,N/A
1801,求你快去送，别装了,N/A
1802,Pokémon,N/A
1803,Aimer.梓山灵弓,cn
1804,HYF.凡凡,N/A
1805,SSS,N/A
1806,帕吉来了,N/A
1807,我不会武功,N/A
1808,FrozenAlien,N/A
1809,P90.火.zsy❥❥(^_-),cn
1810,pepsi,N/A
1811,crazyseason,N/A
1812,炽炎,N/A
1813,咸鱼,cn
1814,THE WORLD！時よ！止まれ,N/A
1815,Hzh.Hex!,N/A
1816,瓦库瓦库,N/A
1817,三月,N/A
1818,秋浪,N/A
1819,zzz~~·,N/A
1820,随缘冲！！！,N/A
1821,合肥Ame,N/A
1822,文状元武举人,N/A
1823,CM,N/A
1824,gank,N/A
1825,Boyka,N/A
1826,Pigeon.Cat,N/A
1827,：）,N/A
1828,橘里橘气~,cn
1829,在下石连贵,N/A
1830,佚名,N/A
1831,骚哥哥,N/A
1832,Ki.Ricardo,N/A
1833,。。。,N/A
1834,...天黑来一发,cn
1835,葫芦爷救娃娃,N/A
1836,头硬 \⊙_⊙/,N/A
1837,没劲的三号位,N/A
1838,Анатолий Торрето,N/A
1839,Artist.ヤキモチ,cn
1840,Yuiii.亲爱滴沉尘,cn
1841,123321,N/A
1842,Xyy,N/A
1843,dota2 vip10级,N/A
1844,夜随风,cn
1845,xD,N/A
1846,BT.13072172818,cn
1847,Lua,cn
1848,OC.庄大大大帅,cn
1849,**东南亚,N/A
1850,明明,N/A
1851,Dorky丶Cold,N/A
1852,I BALL BALL YOU,N/A
1853,80000,N/A
1854,ADC,N/A
1855,STorm.Gty,us
1856,CXBZ.Dougl[A]s,cn
1857,Joker,N/A
1858,YANGXIAOLONG,N/A
1859,小目标 上6000,N/A
1860,KH.KYO,cn
1861,酱酱，啊7ki7ki板板。,N/A
1862,六分钟开雾野区逮捕你ma,N/A
1863,我是弟弟,N/A
1864,Nomo,N/A
1865,biubiubiu,cn
1866,大牛牛,N/A
1867,ReBoRn..bOne7,cn
1868,KMNLH.zjkingmask,cn
1869,•ᴗ•,N/A
1870,晨爷倪sir,N/A
1871,2,N/A
1872,jsc,N/A
1873,林冠绝,N/A
1874,Doggie-Man,N/A
1875,皮皮Q,N/A
1876,联不通,cn
1877,WIND,cn
1878,.,N/A
1879,Throne of Darkness,N/A
1880,PZ,cn
1881,我不比你懂。,N/A
1882,读书人,N/A
1883,邪不胜正,N/A
1884,TR.xyr,N/A
1885,K.,N/A
1886,buhuiwan,N/A
1887,我杀猪的,N/A
1888,不想睡的叶子,N/A
1889,瑟利亚最后的太阳骑士,N/A
1890,【    】,N/A
1891,靓仔无语,N/A
1892,操刀鬼,N/A
1893,黑铁将军,N/A
1894,不关哥哥的事,N/A
1895,......,N/A
1896,Yyy,cn
1897,Sylvanas Windrunner,N/A
1898,天鹅,N/A
1899,哄咕咕咕,N/A
1900,中单之熊,N/A
1901,MW.legend,cn
1902,天辉方初级兵,N/A
1903,EHOME.AAA.,cn
1904,结城明日奈,N/A
1905,心中那炙热的梦,N/A
1906,基地,N/A
1907,咪 咪,cn
1908,隐士,N/A
1909,Siege,N/A
1910,以德服人,N/A
1911,厉飞雨,N/A
1912,lxxxxx,N/A
1913,GW.我是five,N/A
1914,没钱玩不了大哥,N/A
1915,俺の愛馬が,N/A
1916,cyx的忠实男票,N/A
1917,Sylar,cn
1918,We Lost,N/A
1919,半米残阳,N/A
1920,-,N/A
1921,fripSide,N/A
1922,Luckily_GoDXu,N/A
1923,鸽子王,N/A
1924,ks.xydy丶,N/A
1925,Kurisu,cn
1926,yingziwuxx,N/A
1927,Renaître,N/A
1928,Seven-Up,N/A
1929,Shark_shark,N/A
1930,1,N/A
1931,炎,N/A
1932,C'est la vie 丶 9,N/A
1933,七擒孟获,N/A
1934,再这样下去我要魔男化,N/A
1935,练！,N/A
1936,万古瘤方,N/A
1937,寅虎招财,N/A
1938,HXL,N/A
1939,123456,N/A
1940,我不信,N/A
1941,三蛋,cn
1942,专业育婴,N/A
1943,1,N/A
1944,信君,N/A
1945,JY,N/A
1946,Casablanca,N/A
1947,光煦,N/A
1948,Ph0sphorus2002,cn
1949,嘛嗓女宁.,N/A
1950,曼珠沙華,N/A
1951,Frost,N/A
1952,Suika,N/A
1953,秋名山车神,N/A
1954,Red,N/A
1955,番禺老黎,N/A
1956,HokutoSeiji,N/A
1957,so:lo,N/A
1958,KT.Perfect Cat,cn
1959,暗火,N/A
1960,传说中的战士,N/A
1961,顶级参战,N/A
1962,Lemontree,N/A
1963,炯炯,N/A
1964,NM$L,N/A
1965,康复训练,N/A
1966,作业君,N/A
1967,★Position Zero!!!★,N/A
1968,1 大哥位 或者内斗,N/A
1969,AME实力输TI,N/A
1970,儒雅随和,N/A
1971,I don't need you,N/A
1972,梅开二度,N/A
1973,圆月1 2,N/A
1974,storm,N/A
1975,25分钟的王,N/A
1976,神秘小学生,N/A
1977,Sugar丶,cn
1978,1.1,N/A
1979,FFF团支部书几,N/A
1980,FCB.GGG,N/A
1981,Dr.신양,kr
1982,洋葱派,N/A
1983,lcy,N/A
1984,ML,N/A
1985,重返天庭,N/A
1986,周杰伦,N/A
1987,DouB.杨老师,N/A
1988,重新活着,N/A
1989,彧,N/A
1990,再瑟一夏,N/A
1991,戒断反应,N/A
1992,唉,cn
1993,DDDDDDDDDDD,N/A
1994,SW.MiOreD,N/A
1995,samlee,N/A
1996,fighting,N/A
1997,太上清灵美，悲歌朗太,N/A
1998,- -,N/A
1999,你甚至都不愿意叫我一,N/A
2000,TX'DY.DRM,cn
2001,Cling.2005SB,N/A
2002,皮卡翅,N/A
2003,哈密瓜,N/A
2004,wan了wan了,N/A
2005,秀逗魔导士,N/A
2006,智障队友在线帮戒网瘾,N/A
2007,niku,N/A
2008,呆呆兽,N/A
2009,林迟青,N/A
2010,FLP,N/A
2011,hhhhh,N/A
2012,别在这理发店,N/A
2013,[Fish^G].问天,cn
2014,傲慢之罪,N/A
2015,ODT.tbfd3972,cn
2016,菈尼，我的菈尼嘿嘿,N/A
2017,1,N/A
2018,魂！-孤魂野鬼,N/A
2019,93.,N/A
2020,潘an,N/A
2021,yLy.1221,cn
2022,ttk,N/A
2023,DG.CN.KeVin,cn
2024,一生正派,N/A
2025,123,N/A
2026,麦芽糖,cn
2027,捕鱼达人,N/A
2028,Shem_Shadow,N/A
2029,虎纠虎纠,N/A
2030,RMT,N/A
2031,Vic,N/A
2032,123,N/A
2033,未来蓝星星,N/A
2034,溪云初起日沉阁,N/A
2035,迷途羔羊,N/A
2036,Vengeance,N/A
2037,CG.不要芋泥,N/A
2038,哭泣的百合花,N/A
2039,.,N/A
2040,QZXG.卵,cn
2041,你且看我,N/A
2042,。,N/A
2043,就这？,N/A
2044,12上分,N/A
2045,z,N/A
2046,Hum FW Moon,N/A
2047,Ymssss,N/A
2048,NeroTb,N/A
2049,玄戈,N/A
2050,Smile小芯,N/A
2051,xxx,N/A
2052,心态差的去打打王者不,N/A
2053,SHAYA,N/A
2054,夺命书生,N/A
2055,D Y..昆明卡尔,N/A
2056,差不多得了,N/A
2057,CDH.小野4444,N/A
2058,長風,N/A
2059,专业治吠狗分数是浮云,N/A
2060,xiao5,cn
2061,YCCM.yato,N/A
2062,Wuludub,N/A
2063,猛3,N/A
2064,冠绝兄弟拉我,N/A
2065,饿啊,N/A
2066,CB.zuicaide,cn
2067,CW.刀神,N/A
2068,1.1,N/A
2069,Vast&Hazy,N/A
2070,大侠余璟,cn
2071,fish,N/A
2072,1,N/A
2073,泰罗,cn
2074,2EZ4.Vino,za
2075,FU CK Y,cn
2076,,N/A
2077,:),N/A
2078,Exterior,N/A
2079,小福豹.Maqic,N/A
2080,康复训练,N/A
2081,去你吗的老子要弄死你,N/A
2082,龟god,N/A
2083,D4C,N/A
2084,中,N/A
2085,Mango go,N/A
2086,熊炎焱,N/A
2087,№风の轨迹,N/A
2088,亚当,N/A
2089,施主莫慌,N/A
2090,SG.EGOIST,cn
2091,Man,cn
2092,杰哥,N/A
2093,菜,N/A
2094,O8G.佟懿莹,N/A
2095,嘟嘟就嘟嘟,N/A
2096,.。o0O,N/A
2097,萝音,N/A
2098,知不道,N/A
2099,重上8000,N/A
2100,我建议你重开,N/A
2101,【】,N/A
2102,紫苑熊猫酱,N/A
2103,强爷,N/A
2104,xxxxxxxxx,N/A
2105,SF,cn
2106,Momus,cn
2107,S O G._DepthS丶,cn
2108,Hrmxj,N/A
2109,流行坎止,N/A
2110,路飞飞,N/A
2111,睡个午觉,N/A
2112,小小饿鱼,cn
2113,Kal'tsit,N/A
2114,DDS.MLXHDYY,N/A
2115,三三,N/A
2116,见习カラカラ,N/A
2117,lazy,cn
2118,节奏_双刀,cn
2119,霸王鳖鸡,N/A
2120,1,cn
2121,hi,N/A
2122,BC.恐惧源自退让,N/A
2123,OB.Y.砍外婆,cn
2124,顾千帆,N/A
2125,恶魔人Crybaby,N/A
2126,Noah.Tony,cn
2127,？,N/A
2128,小宝,cn
2129,网上冲浪,N/A
2130,亘古的怪蜀黍,cn
2131,123,N/A
2132,绝活瞎比 大 （没有会玩,N/A
2133,你也知道这游戏有时候,N/A
2134,被杀疯了,N/A
2135,12,N/A
2136,1,N/A
2137,天外天,N/A
2138,霸恩,N/A
2139,KeepOn Plus,N/A
2140,乌兹S赛三冠王,N/A
2141,一颗赛艇,N/A
2142,只玩1,N/A
2143,ZuoDeather,N/A
2144,上海陈冠希♡♥♢,N/A
2145,呆呆汪,N/A
2146,百年孤寂,N/A
2147,2,N/A
2148,要输一起扛,N/A
2149,WHZZ.我家高高大丧失,N/A
2150,OK豪÷,N/A
2151,Mr.¿,N/A
2152,Nkumata,ca
2153,输一把就退,N/A
2154,啊！对对对,N/A
2155,？,N/A
2156,只会1,N/A
2157,H.Y.Q,cn
2158,机器人、,N/A
2159,Fdc,cn
2160,最后的轻语,N/A
2161,Mr.Rattlebone,N/A
2162,DarrKi-,cn
2163,莫良,N/A
2164,绝体绝命,N/A
2165,PT.奶茶,cn
2166,我愚蠢的欧豆豆啊,N/A
2167,认真,N/A
2168,伤心小鸵鸟,cn
2169,一袋米要扛几楼,N/A
2170,开心往前飞.,N/A
2171,Chasin ma dream,ph
2172,为何爱我爱我不顾一切~,N/A
2173,双吸组合,N/A
2174,小胖子,N/A
2175,龙场悟道,N/A
2176,.,N/A
2177,SPG.Jira1Ya,N/A
2178,最怕空气突然安静,N/A
2179,Strive-,N/A
2180,最近真的很菜,N/A
2181,ano,N/A
2182,wushen,cn
2183,No White  Give,N/A
2184,躺,N/A
2185,她夏了夏天。,N/A
2186,ReVenGe,cn
2187,Perhaps_That,N/A
2188,逗呵,cn
2189,萧瑟,N/A
2190,队友助我火速下分,N/A
2191,玉玉,N/A
2192,GG EZ.coput,ru
2193,1,N/A
2194,By,N/A
2195,鬼精灵王子,N/A
2196,Masami Nagasawa,N/A
2197,大聪明,N/A
2198,倔强boy,cn
2199,古道茶楼,N/A
2200,Opfan,cn
2201,Old.Alun,N/A
2202,生如归流,N/A
2203,MiRan,N/A
2204,Kite.Angels 面包,N/A
2205,[   Jun  ],cn
2206,小可爱,N/A
2207,不闻不问,N/A
2208,Jojo,N/A
2209,Finolhu,cn
2210,闭麦听歌,N/A
2211,邻家少年扰伊心,N/A
2212,小鸟游六花,cn
2213,峰不二子,N/A
2214,不够骚啊,N/A
2215,买号的,N/A
2216,teacher lin,N/A
2217,PSG.LGD.AME,cn
2218,ZQ.zuoqiuZhang,cn
2219,将军空老玉门关,N/A
2220,攒劲的一号位,N/A
2221,于谦的父亲-王老爷子,N/A
2222,你在狗叫什么,N/A
2223,没有人永远十八岁,N/A
2224,11111,N/A
2225,搁浅,N/A
2226,-，-,N/A
